{"cameraMode":{"drawMode":0,"name":"Shaded","section":"Shading Mode"},"sceneLighting":true,"audioPlay":false,"sceneViewState":{"showFog":false,"showMaterialUpdate":false,"showSkybox":true,"showFlares":true,"showImageEffects":true,"showParticleSystems":true},"in2DMode":false,"pivot":{"x":120.62673950195313,"y":31.55091094970703,"z":60.02690505981445},"rotation":{"x":0.04104482755064964,"y":-0.9269217848777771,"z":0.1064198911190033,"w":0.357500821352005},"size":25.591123580932618,"orthographic":false}